index,credit
24516,
22181,
19366,
19847,
1617,
24295,
19747,
7235,
23250,
6882,
2659,
12088,
9715,
2507,
6311,
22453,
11967,
17020,
10531,
6356,
1552,
3600,
1708,
20901,
19223,
1763,
26411,
8118,
182,
10996,
7633,
15334,
20367,
8291,
2292,
10605,
24856,
26241,
23855,
2361,
23963,
4488,
21200,
5011,
11230,
17332,
15929,
11147,
11900,
1039,
46,
9347,
13290,
17080,
2644,
7916,
10121,
8177,
16695,
17258,
7813,
10402,
24450,
12875,
24520,
10223,
15285,
2222,
17031,
11825,
10357,
1376,
15790,
5208,
10988,
18792,
21663,
21419,
11554,
17513,
837,
9358,
8067,
21600,
12536,
12346,
16920,
19123,
9737,
12628,
18279,
11586,
6552,
20589,
24408,
24478,
4366,
6661,
20372,
11572,
16431,
8232,
15877,
24430,
24179,
19138,
14418,
460,
18194,
13685,
21752,
9979,
10518,
20522,
17597,
4364,
17079,
3525,
5439,
1230,
6107,
15449,
5850,
2375,
10464,
25510,
10286,
10029,
11249,
4248,
10411,
13098,
16466,
1045,
19042,
9312,
8943,
3491,
11487,
2491,
3851,
3382,
22855,
5755,
21032,
18248,
22633,
4901,
13364,
23570,
7132,
12364,
5036,
16041,
21318,
135,
3219,
16180,
16197,
2037,
7862,
8511,
3618,
18956,
3303,
1517,
23826,
25396,
16178,
3257,
8268,
13104,
10715,
22385,
13818,
17063,
15944,
16429,
25311,
23989,
1835,
18920,
14856,
2245,
7701,
24077,
16365,
3033,
5676,
723,
2499,
2385,
22988,
5430,
15703,
20270,
25304,
10375,
22122,
14130,
23762,
12383,
21707,
23338,
1633,
7896,
5107,
23999,
5160,
4503,
14357,
6979,
17441,
16664,
291,
771,
24196,
14542,
23690,
8762,
7416,
2698,
24805,
12585,
1089,
369,
22735,
11068,
3406,
13823,
8161,
23466,
4328,
1071,
8712,
21173,
13691,
12326,
12868,
22211,
20085,
5900,
20872,
6609,
23102,
6277,
15332,
7542,
18214,
25710,
26444,
477,
18889,
25054,
9491,
715,
23163,
17120,
6039,
5664,
7990,
9945,
26453,
23053,
10279,
23108,
14942,
13847,
15441,
6614,
25834,
8800,
14912,
25825,
2195,
25623,
6957,
14890,
18032,
11599,
8887,
3405,
14434,
15497,
17371,
2038,
9439,
16294,
20478,
17557,
25474,
19004,
22188,
18912,
17469,
25503,
23962,
5681,
10387,
20514,
12966,
14487,
8654,
3280,
1840,
18865,
10565,
21767,
2551,
21840,
22308,
25625,
11618,
15657,
16313,
2987,
7220,
4667,
20596,
2653,
8349,
9176,
5923,
17143,
16941,
16731,
12848,
22773,
15041,
23416,
25053,
4723,
13776,
15039,
18927,
13191,
23755,
18795,
10602,
4258,
12726,
24769,
18370,
24525,
11640,
2372,
11194,
14337,
10668,
10952,
16186,
12301,
19359,
13850,
22232,
25381,
10564,
21406,
14032,
20962,
25015,
11584,
12651,
25393,
322,
8822,
12045,
22560,
19590,
11723,
20819,
17937,
24768,
2594,
9994,
3535,
65,
24761,
15762,
25595,
16464,
19153,
2404,
17225,
21401,
6531,
8013,
6045,
21290,
7225,
24875,
23178,
6226,
16016,
2715,
7632,
26304,
3161,
14578,
19908,
22125,
267,
3049,
17347,
20357,
18662,
22345,
2051,
2557,
14351,
18014,
2351,
9400,
1577,
5122,
17116,
5810,
23330,
643,
5557,
11556,
99,
21957,
17274,
17510,
9365,
2059,
3719,
19361,
8132,
11703,
2895,
13803,
11030,
11403,
18155,
584,
18913,
8277,
20376,
19834,
9679,
4827,
15557,
25586,
20848,
4312,
1479,
2932,
23872,
4912,
178,
20918,
12108,
13855,
14878,
11595,
8343,
18636,
7143,
11109,
24626,
17135,
2622,
26104,
7217,
17589,
17617,
14611,
11054,
13988,
14450,
17343,
20587,
12488,
17576,
6159,
20849,
12748,
21972,
14968,
8884,
24344,
17582,
1828,
14449,
16331,
943,
22343,
1664,
23074,
9751,
6683,
21743,
18339,
7296,
2988,
21399,
9846,
8295,
25847,
14685,
11753,
7057,
17261,
7222,
1916,
10620,
3527,
6610,
10760,
15938,
14339,
5479,
2512,
3139,
15309,
6224,
5544,
5997,
21785,
25765,
2739,
22229,
24185,
4093,
14998,
17938,
23231,
11473,
2609,
25848,
17137,
6630,
12962,
10990,
21592,
19592,
15121,
10881,
7370,
16810,
11146,
4583,
7581,
12705,
727,
24710,
2800,
14610,
20618,
12768,
16937,
14842,
7960,
16290,
26126,
16183,
8560,
5025,
16169,
11532,
24173,
25348,
1569,
7021,
16932,
14333,
4146,
11785,
3751,
9098,
13507,
14518,
53,
1939,
22804,
3726,
15487,
12685,
3853,
15608,
416,
15906,
12927,
10922,
24288,
24312,
3898,
6652,
24149,
25441,
1627,
17056,
18822,
10616,
16407,
1007,
22611,
12524,
9711,
11124,
14972,
2175,
12185,
18791,
10790,
9139,
18935,
14924,
5991,
5472,
3098,
1383,
9052,
8539,
8584,
7482,
18456,
17968,
2869,
8532,
25090,
2007,
24820,
9476,
4274,
16866,
17725,
9457,
3457,
8011,
8379,
18598,
3218,
10703,
10710,
6289,
15949,
15371,
24280,
18565,
2006,
16469,
5021,
16868,
6387,
5101,
14290,
19702,
16506,
6866,
14482,
9060,
6634,
15583,
12398,
2675,
17146,
18441,
811,
12938,
1799,
5946,
22094,
4322,
9100,
17114,
18359,
12409,
9248,
15373,
14296,
7828,
16774,
25001,
12269,
4475,
23475,
2686,
8062,
24405,
25672,
21421,
15935,
13592,
12399,
8997,
26265,
8779,
1121,
5105,
2775,
5606,
9564,
796,
9273,
4104,
18188,
19454,
5427,
11367,
6817,
1563,
12097,
23757,
14267,
18126,
13590,
11262,
6465,
11067,
13321,
24162,
7093,
5521,
21286,
10777,
20550,
20407,
8638,
22286,
9764,
16595,
17710,
9057,
3027,
1337,
176,
11639,
22324,
1471,
22305,
23689,
19829,
20974,
15266,
6540,
3191,
24434,
9134,
3054,
16123,
22531,
232,
13489,
18013,
15434,
9653,
19866,
21177,
22776,
26116,
26061,
6924,
24831,
20323,
22644,
15543,
9654,
14990,
12181,
10670,
15764,
23858,
20683,
12772,
12837,
19100,
18782,
6013,
14318,
1368,
3989,
2190,
3616,
19494,
4449,
13745,
7987,
100,
17827,
11409,
2127,
24472,
21681,
15272,
2629,
1527,
17653,
4441,
14228,
3057,
13967,
23441,
6872,
23516,
21431,
11364,
3752,
8793,
312,
15521,
9286,
7917,
18534,
16960,
11302,
3801,
10626,
5195,
23246,
8002,
6621,
20715,
17200,
23126,
19927,
24808,
19796,
25876,
4541,
21332,
12270,
2328,
2628,
14747,
22729,
23657,
19207,
16068,
23380,
11698,
630,
25,
3779,
20194,
4903,
7718,
21618,
20691,
12785,
1357,
4252,
9430,
19040,
15289,
13509,
6615,
4429,
6115,
22546,
23645,
20790,
5317,
16133,
12987,
12078,
18789,
7644,
9351,
3013,
3249,
13698,
22022,
19530,
1020,
2904,
2290,
17947,
15075,
24479,
11820,
66,
24521,
5138,
6899,
6074,
22276,
5363,
8752,
9699,
7532,
5211,
601,
4042,
19760,
12197,
5743,
12588,
15466,
3515,
21404,
3206,
924,
26364,
1822,
14965,
20755,
21617,
19825,
23417,
8289,
20087,
26007,
4495,
18375,
16199,
15973,
23124,
11923,
1749,
6564,
22694,
17998,
24269,
1611,
4883,
24301,
5840,
24417,
21962,
4897,
3158,
2034,
1869,
12207,
17829,
10353,
14697,
13444,
11560,
3982,
4363,
16798,
18301,
25690,
4604,
4756,
24119,
18347,
3346,
14343,
8590,
4931,
25718,
8944,
9982,
19811,
22514,
6605,
2136,
20752,
9820,
17390,
10383,
23396,
5102,
2226,
6982,
10772,
8678,
22732,
1794,
22449,
9531,
2083,
22865,
22055,
236,
8079,
16621,
21483,
22230,
5958,
968,
8255,
25803,
5653,
18533,
595,
25244,
9683,
8085,
5452,
12831,
1420,
13741,
1167,
15304,
5982,
19928,
17766,
10723,
18716,
9279,
18075,
21288,
19294,
18159,
24573,
26374,
13887,
22419,
2639,
12080,
17055,
16167,
3238,
16153,
24990,
9600,
17644,
10716,
26254,
13377,
2772,
18342,
16964,
1158,
14164,
24706,
2674,
19984,
19157,
22942,
14544,
11777,
7944,
15538,
15883,
24009,
25177,
15692,
9566,
8651,
9611,
10816,
16822,
2608,
18652,
12167,
904,
11174,
23274,
2255,
14795,
15806,
3427,
18995,
5059,
21805,
10592,
13460,
22427,
5001,
13023,
14609,
9543,
6791,
21674,
3730,
20658,
520,
9072,
13271,
25392,
9582,
18329,
17783,
8655,
7751,
23614,
18848,
14042,
10573,
22318,
21625,
21854,
3799,
15517,
23753,
26077,
707,
23734,
7345,
22250,
26152,
24449,
18715,
23321,
22984,
7523,
25949,
10729,
2285,
25714,
12919,
25680,
26118,
1753,
2664,
13723,
18909,
6752,
6962,
21348,
19990,
18550,
18810,
6541,
6134,
9091,
8182,
6479,
16775,
25499,
2010,
1068,
21075,
22292,
6806,
15716,
13716,
12400,
6885,
8923,
17024,
25541,
15200,
10128,
12526,
6989,
429,
406,
4048,
17820,
20338,
1789,
6551,
6148,
3870,
6608,
25829,
5603,
16211,
8047,
15314,
15317,
11598,
4275,
6995,
5964,
90,
12723,
19238,
13424,
3175,
2137,
16898,
10458,
17229,
13775,
8698,
9544,
13614,
23479,
10819,
19817,
1209,
18556,
24246,
23443,
24703,
3904,
6886,
12836,
9888,
20099,
7819,
6425,
20494,
16495,
12120,
6567,
25654,
3229,
8650,
20260,
4356,
2207,
26454,
2984,
20280,
450,
24642,
19956,
11766,
15122,
13247,
6617,
17702,
12911,
8342,
4608,
7748,
22379,
13783,
842,
22563,
7098,
21436,
7726,
7661,
9570,
21274,
5683,
3869,
22152,
18730,
13385,
7898,
7667,
1205,
1327,
12862,
21440,
6775,
18837,
19995,
8201,
16319,
13556,
1585,
15277,
4070,
7802,
17973,
4808,
25962,
1526,
17086,
20549,
1555,
24142,
3343,
4571,
12823,
20523,
18093,
5805,
12483,
3212,
11162,
7201,
14461,
11006,
14215,
5380,
4191,
20054,
20558,
3144,
4370,
1844,
14916,
14335,
12779,
21688,
15366,
20739,
8238,
12389,
4998,
8114,
19767,
4407,
7924,
13441,
21357,
7931,
1137,
22317,
20476,
14167,
18873,
9321,
17495,
15119,
7117,
13752,
22943,
16542,
3894,
13286,
15098,
6576,
5776,
17169,
21518,
14218,
168,
6385,
17736,
9488,
20341,
6980,
21490,
2337,
21955,
14417,
21792,
17996,
5514,
8229,
16427,
7686,
12223,
7436,
19135,
13875,
25911,
8010,
12811,
6051,
24821,
1638,
2572,
16158,
18697,
24402,
25293,
17878,
5178,
21070,
9762,
12751,
20007,
7666,
25125,
18182,
17685,
1417,
8060,
11286,
9759,
10010,
12101,
19755,
4634,
22990,
25927,
14038,
12793,
23947,
10579,
23405,
494,
22540,
13506,
21118,
20102,
15017,
22983,
15337,
107,
10576,
13135,
8815,
12237,
17179,
17859,
9588,
15494,
8429,
3053,
16430,
20427,
4413,
686,
13589,
19659,
11292,
8589,
16607,
15774,
14146,
20200,
12974,
24283,
22119,
10598,
1512,
13102,
25550,
2477,
24903,
2543,
16462,
24064,
24510,
3010,
16426,
11935,
9598,
7063,
6709,
24693,
11773,
21610,
13853,
14911,
19953,
23706,
24562,
12441,
16012,
13403,
13282,
3786,
21765,
25093,
22931,
18044,
5386,
9556,
2053,
11021,
19386,
9081,
16228,
729,
7966,
15392,
6391,
1510,
13538,
594,
12371,
16917,
4880,
7942,
21930,
18425,
18685,
20351,
20737,
21832,
18563,
1711,
14443,
11383,
6131,
18258,
297,
11457,
9014,
5493,
196,
11459,
23893,
1966,
24095,
1003,
20321,
68,
5375,
6232,
12492,
18729,
18051,
8618,
23837,
25555,
10644,
22727,
13598,
11256,
1943,
11622,
20423,
10181,
4844,
10103,
21554,
22143,
21860,
6993,
24696,
7919,
21393,
17090,
4548,
9438,
18170,
23684,
10081,
9126,
3331,
19442,
19978,
807,
16831,
11,
5856,
21057,
5837,
18677,
23916,
25496,
11275,
16028,
4829,
13434,
12838,
4925,
14126,
14932,
19101,
21082,
2052,
20675,
1251,
2641,
15303,
12437,
833,
17790,
2922,
6090,
15580,
20111,
10301,
4781,
23024,
9241,
3903,
1398,
13415,
24356,
24787,
7626,
23215,
9440,
24723,
11316,
9838,
14133,
20959,
16288,
19981,
1520,
17230,
1836,
12955,
13022,
136,
18333,
14282,
12587,
3984,
10618,
2978,
12352,
11481,
10712,
18986,
13241,
21292,
13612,
23386,
14744,
6733,
25203,
951,
19370,
12930,
19222,
22615,
7053,
11855,
19736,
17697,
15591,
6273,
14690,
17754,
18367,
7426,
14613,
20882,
14485,
6227,
10198,
3836,
1759,
15391,
17152,
17652,
1704,
16403,
8204,
18428,
25843,
3905,
24939,
23802,
2450,
9501,
8130,
19262,
967,
8982,
3213,
25591,
592,
6936,
11506,
20832,
17943,
2057,
25460,
4200,
7174,
10524,
20105,
9108,
15384,
12576,
21391,
24132,
19285,
22652,
13425,
21639,
11720,
3472,
12259,
21902,
17975,
25965,
12358,
15930,
15885,
1864,
7133,
25033,
16538,
8380,
8155,
10482,
1578,
25124,
3089,
11475,
20126,
10283,
669,
10999,
24937,
8801,
26437,
19116,
11986,
1421,
6283,
7206,
8122,
18388,
26129,
19166,
7313,
22793,
25899,
16655,
8116,
21160,
12484,
19539,
7962,
7750,
2162,
12554,
13120,
23347,
14913,
6120,
21080,
21607,
658,
6714,
1637,
18073,
4142,
13820,
12240,
14983,
11955,
10462,
3652,
1525,
4935,
364,
3283,
5150,
24712,
26393,
12604,
516,
17814,
14917,
1024,
8775,
12433,
10488,
23483,
8643,
21233,
24977,
4402,
15597,
19876,
16437,
16824,
6087,
7275,
21341,
19341,
10066,
14073,
21925,
7774,
4676,
25097,
18289,
8694,
3936,
4960,
10190,
24814,
4971,
22359,
17204,
22707,
16368,
23977,
20831,
26410,
19860,
5865,
16448,
14125,
21086,
4009,
20409,
20870,
1177,
17607,
4553,
7500,
4637,
5917,
21064,
24559,
26042,
19854,
17515,
13101,
5095,
2097,
24586,
17897,
3305,
21779,
23642,
10840,
7427,
7618,
24082,
12821,
16463,
18785,
10400,
16018,
5988,
16156,
9574,
10869,
1187,
71,
11736,
3833,
2568,
19694,
7812,
15576,
25835,
24663,
13985,
5113,
5241,
10671,
12051,
19082,
2510,
12319,
5257,
10247,
23710,
12335,
13532,
2174,
2692,
25230,
12502,
8772,
7871,
25147,
15085,
15482,
13301,
13573,
2317,
16408,
16543,
22928,
23361,
11340,
10779,
12531,
11091,
21856,
21061,
18646,
22878,
12074,
12294,
24993,
783,
6006,
13627,
19158,
20220,
26109,
2688,
20822,
6386,
3567,
24751,
10759,
15744,
12672,
16119,
14728,
1951,
22283,
24006,
15741,
77,
8284,
13269,
19317,
26231,
17587,
26427,
1431,
19588,
3118,
20230,
22165,
18957,
7430,
18084,
23649,
22073,
11875,
17651,
11592,
15865,
19096,
11546,
5843,
1741,
14493,
5760,
17801,
2394,
22492,
25298,
25478,
14262,
13864,
24473,
11404,
21342,
14101,
21157,
19339,
14169,
11436,
20801,
14534,
15058,
16839,
4246,
19482,
7033,
20557,
16248,
2454,
11138,
11319,
23787,
18005,
19344,
1385,
6349,
7520,
7709,
7161,
19060,
26386,
20705,
9921,
15569,
13997,
12895,
4029,
19563,
18488,
5023,
16907,
5885,
14200,
20020,
4644,
3501,
23911,
8840,
22903,
9880,
18335,
6579,
6705,
12761,
21736,
23888,
21804,
2370,
24970,
14187,
15725,
22592,
13681,
15719,
8942,
20256,
12525,
22170,
4824,
18397,
16489,
605,
15950,
6991,
19188,
4856,
21532,
16776,
23021,
25473,
15730,
24935,
25104,
20167,
22685,
5586,
17676,
522,
25197,
2441,
9688,
9859,
25679,
4664,
2168,
16496,
288,
16975,
21131,
13448,
17369,
18940,
23930,
19330,
5846,
6673,
8705,
21958,
19496,
1488,
17717,
10115,
3407,
12430,
17568,
10005,
8200,
21822,
6811,
10453,
2204,
8933,
22163,
1262,
13474,
22115,
12234,
1100,
16789,
12394,
17537,
15208,
6334,
10969,
10672,
17160,
16585,
16350,
20800,
13464,
21636,
26430,
22595,
16869,
15027,
24148,
4923,
19287,
10307,
24673,
23088,
17933,
7327,
12971,
15182,
23208,
5069,
14740,
11057,
14717,
26238,
20447,
22805,
3352,
1832,
13358,
18072,
20776,
14677,
17625,
18619,
3495,
23832,
9746,
8508,
19806,
161,
23289,
20432,
11936,
26295,
24482,
2538,
21944,
15882,
21831,
3359,
20545,
15822,
22012,
2755,
22142,
10210,
21974,
18398,
20706,
21465,
19902,
16746,
2214,
17646,
5020,
18820,
10661,
16208,
15784,
7446,
24182,
21301,
9487,
3482,
3723,
18348,
5817,
9471,
15644,
19964,
2268,
9097,
15070,
441,
6580,
16189,
21139,
11938,
25376,
24543,
15568,
10221,
25740,
8203,
16121,
16379,
7799,
9915,
24049,
2547,
26202,
8580,
930,
16074,
14849,
5501,
13068,
12304,
16786,
23708,
7857,
23899,
17978,
17353,
2560,
15160,
18887,
1732,
24154,
19899,
22820,
6398,
665,
25631,
20074,
10510,
7208,
11059,
11470,
18573,
19457,
14280,
17705,
17680,
15596,
13147,
23723,
13245,
15662,
18911,
15495,
1669,
21862,
24886,
20841,
21759,
333,
25749,
23562,
15052,
18212,
13957,
10044,
11412,
25840,
11779,
14123,
23507,
23057,
1629,
16961,
17949,
18394,
24574,
20608,
15290,
23501,
9188,
24422,
18227,
17558,
16106,
11738,
22528,
17008,
26367,
3466,
6054,
15964,
24485,
22363,
3217,
195,
13251,
1693,
20590,
13363,
13429,
7003,
17212,
19977,
16048,
14314,
12188,
23823,
9380,
8399,
20487,
13954,
11075,
3551,
13013,
14400,
8358,
19677,
17040,
23275,
20063,
19104,
3826,
10173,
19354,
6471,
10425,
11237,
7185,
16849,
23582,
6521,
8968,
9315,
22816,
26380,
11429,
19587,
22291,
11007,
5040,
10933,
20543,
25120,
17099,
13482,
25901,
25338,
18074,
21875,
25719,
6783,
24664,
19475,
4473,
12708,
6257,
22096,
2677,
7415,
15830,
25489,
22534,
16853,
3030,
2894,
16402,
11886,
7139,
19855,
20693,
17660,
6016,
22002,
15681,
16095,
26038,
9958,
6558,
21548,
1987,
18236,
23340,
6745,
5633,
3592,
19886,
8451,
2320,
1043,
5278,
21380,
18007,
17374,
199,
24044,
21628,
11859,
8290,
10504,
20358,
12006,
19437,
17438,
4304,
12814,
10758,
2387,
22525,
22130,
22976,
25289,
6335,
1887,
13889,
26327,
2541,
23833,
14014,
17880,
3745,
13113,
3278,
9551,
24322,
25569,
20077,
9405,
24533,
10491,
18176,
19221,
401,
6727,
12302,
25231,
8006,
14780,
9236,
18974,
2284,
14758,
25793,
7239,
19053,
7048,
26442,
13206,
6481,
14585,
7703,
19938,
12040,
25239,
9905,
20371,
3986,
5408,
2089,
23086,
17413,
13308,
16519,
24415,
19327,
10056,
14903,
10207,
12034,
14319,
16953,
22877,
1622,
18183,
8089,
17443,
24227,
634,
9793,
4873,
7925,
21236,
3919,
25467,
17257,
20767,
12307,
2995,
16610,
21296,
3508,
9094,
24101,
5971,
24535,
21279,
13549,
4057,
19724,
2944,
11686,
229,
11707,
15876,
15837,
5910,
7083,
10273,
10589,
24764,
16827,
4305,
7545,
22337,
19074,
15996,
1592,
12910,
3250,
22431,
3200,
9799,
19478,
9183,
4764,
15305,
900,
6342,
7497,
10858,
24507,
15690,
15879,
22796,
25781,
16045,
19106,
5848,
17175,
20966,
20303,
1408,
12882,
24628,
3302,
22745,
7929,
4173,
6889,
25938,
1886,
14027,
16737,
10883,
14448,
3100,
11410,
5170,
1116,
16024,
876,
4790,
8476,
3700,
5419,
18442,
23514,
9270,
18451,
14742,
18549,
8018,
12527,
13449,
13202,
11752,
17555,
21397,
18416,
8969,
22665,
22658,
6428,
17650,
10955,
23358,
20717,
17985,
16963,
18436,
25701,
12072,
22998,
23073,
17724,
9429,
17684,
21954,
16230,
24398,
25107,
18293,
8444,
23968,
17979,
24223,
10585,
22551,
6163,
18143,
22059,
9083,
15979,
3916,
7260,
15881,
19551,
2561,
15205,
4938,
23201,
20924,
5520,
22593,
2768,
24085,
20090,
20886,
23724,
18508,
10141,
25784,
12126,
15218,
2605,
14607,
26222,
26156,
2730,
1082,
20965,
17026,
3228,
15484,
13922,
20828,
23271,
10899,
11408,
5713,
11078,
23320,
20203,
26414,
7483,
22722,
5056,
1687,
19793,
9801,
19357,
4755,
23279,
21529,
7280,
7791,
10833,
8069,
5524,
10888,
10232,
6691,
10902,
22500,
24127,
7274,
16245,
20057,
23135,
8074,
1595,
9162,
24088,
7394,
5655,
3807,
2745,
20561,
9379,
5552,
463,
5751,
17322,
8865,
7674,
25610,
6150,
13052,
5723,
1206,
17016,
13320,
17296,
19904,
15771,
20059,
14378,
13141,
879,
3623,
21867,
26103,
15403,
14183,
17275,
1909,
8329,
6318,
16904,
14737,
5675,
12713,
21684,
21417,
3285,
10499,
12827,
8125,
16661,
7797,
20464,
23137,
7544,
18698,
4417,
625,
10643,
1171,
3327,
14980,
9780,
19211,
5842,
5563,
26287,
19679,
17205,
11943,
16657,
24491,
26072,
24636,
5326,
5571,
6565,
14365,
19146,
21878,
18917,
16726,
11940,
10152,
9828,
12992,
1841,
23062,
16968,
5027,
4127,
23862,
21597,
18259,
5364,
619,
8081,
18249,
16627,
1216,
19790,
8205,
1920,
5335,
10305,
16278,
13817,
20402,
1558,
1463,
17531,
19516,
6814,
10507,
9818,
9346,
2295,
24471,
6550,
5663,
248,
8553,
14612,
6774,
16324,
17472,
14293,
2658,
15113,
11983,
12819,
22071,
19520,
13380,
219,
18180,
21595,
17128,
3282,
4562,
15172,
13323,
13648,
7452,
769,
8985,
25799,
25261,
8977,
21966,
3160,
3373,
10853,
23611,
7734,
16398,
7823,
14552,
11608,
17029,
2778,
23414,
25347,
6089,
19390,
13259,
10333,
21327,
1992,
15232,
6695,
20266,
6536,
17129,
13859,
18470,
1301,
15559,
8026,
10561,
23565,
2356,
21471,
7690,
8928,
17449,
14090,
19066,
1083,
17695,
15124,
17435,
4534,
4185,
9123,
3861,
5453,
5421,
18273,
15636,
22421,
5889,
8276,
657,
12719,
19124,
22577,
10136,
20988,
24030,
180,
20180,
380,
5222,
21198,
6514,
15511,
22910,
24027,
17042,
712,
25804,
19954,
26361,
24365,
22133,
4717,
7379,
14836,
15726,
1260,
4345,
2814,
9869,
13792,
8518,
19926,
926,
14471,
15416,
15073,
7013,
2307,
5674,
2411,
2130,
3108,
16534,
24470,
25237,
23970,
836,
8675,
18351,
4730,
13559,
7907,
16376,
12798,
12778,
19746,
16349,
8033,
12694,
5955,
7270,
4405,
2962,
22005,
12260,
9951,
11170,
14051,
20595,
16321,
6959,
6769,
22716,
11711,
5786,
22999,
18467,
6300,
8419,
16630,
8735,
25932,
3884,
25049,
23964,
26110,
1994,
17874,
398,
23205,
5754,
20399,
18494,
25426,
25678,
735,
17819,
19402,
8361,
13430,
18783,
13554,
25682,
22651,
23263,
934,
1459,
929,
16918,
21851,
5876,
3398,
7715,
14225,
21339,
8293,
16688,
18881,
18130,
11965,
1344,
21036,
26190,
8619,
5373,
20069,
12657,
2799,
6570,
22599,
5957,
4046,
16851,
571,
25067,
7895,
4724,
2966,
11642,
8194,
1410,
6478,
3876,
19090,
8782,
12141,
15549,
16181,
20283,
18349,
15843,
16173,
8672,
24991,
19884,
18434,
20617,
11927,
6376,
21847,
17407,
17327,
10822,
10412,
33,
20771,
24795,
1386,
5406,
13167,
6560,
19765,
6154,
20466,
21365,
18021,
2451,
4190,
25394,
2258,
10340,
3679,
11206,
4380,
14442,
19998,
20311,
1030,
15481,
13387,
7551,
6545,
15281,
8586,
25942,
5987,
16755,
6573,
25976,
22207,
9223,
3641,
11848,
10,
4091,
6931,
25219,
13276,
11104,
20996,
15201,
25861,
17256,
5482,
12133,
22254,
23754,
14900,
12661,
18831,
17580,
17995,
24299,
6189,
22354,
15717,
4606,
18797,
8016,
9243,
5849,
26318,
11385,
14113,
6363,
11627,
23449,
13953,
13150,
22501,
4174,
24848,
16570,
21904,
9263,
21544,
17889,
13831,
551,
13545,
23019,
9850,
1963,
7389,
15787,
18524,
16758,
5548,
4585,
4797,
19562,
12749,
1686,
18331,
17338,
15847,
21384,
21143,
16268,
18195,
2728,
26310,
5339,
16906,
13952,
10557,
9677,
1900,
3604,
6497,
9050,
23607,
6800,
10394,
10930,
521,
19969,
1263,
23476,
19629,
6734,
2796,
24733,
15749,
20373,
14131,
22533,
1533,
8231,
7352,
14564,
4848,
2690,
22849,
14356,
15209,
10838,
11804,
20176,
26407,
17006,
19505,
17671,
17376,
13541,
13811,
10549,
10320,
8410,
23559,
11172,
8957,
14517,
2669,
17799,
23129,
19130,
6848,
22471,
23886,
13562,
15248,
13132,
5555,
26065,
17803,
11564,
252,
12952,
19843,
6,
1727,
5371,
22550,
1339,
19852,
18070,
4038,
972,
17918,
9917,
9071,
20698,
5644,
4600,
25308,
7375,
20535,
3926,
9970,
511,
23164,
8143,
5847,
6710,
2108,
22461,
4372,
2086,
18440,
26263,
6225,
18321,
19711,
8996,
4946,
7562,
6114,
4895,
7588,
9119,
4382,
2963,
1040,
5673,
16124,
6354,
23048,
9534,
3147,
12818,
10067,
14033,
10253,
19839,
5424,
7136,
2811,
4302,
23564,
158,
6604,
8304,
5605,
24872,
24323,
20196,
3142,
2329,
3170,
19502,
20925,
21963,
24050,
4653,
22202,
14675,
4426,
21475,
20348,
23388,
950,
11076,
21453,
21927,
10401,
801,
21985,
17854,
13596,
25914,
21241,
9486,
11555,
14734,
11920,
8540,
15422,
22522,
22433,
17795,
22443,
20185,
15014,
2246,
25502,
13771,
9229,
4015,
1514,
3698,
19381,
17833,
14029,
10124,
3985,
8522,
1757,
24200,
6397,
23157,
22475,
10017,
1023,
5566,
18355,
3683,
1572,
21834,
18060,
3942,
1781,
7018,
22837,
17992,
3773,
18997,
25438,
25827,
21409,
4022,
3671,
9149,
7989,
5938,
16072,
17641,
22681,
706,
9686,
20468,
22241,
4239,
1873,
795,
7923,
13931,
23011,
23316,
8790,
13647,
22009,
14486,
1135,
16019,
10256,
2699,
6588,
20742,
25830,
1615,
19897,
21609,
11129,
20609,
9772,
26087,
4355,
15381,
6281,
9401,
13575,
9882,
7637,
13446,
9141,
20912,
25314,
10769,
13362,
5536,
18734,
6298,
20210,
17458,
13467,
1747,
1296,
2345,
1303,
1631,
15505,
24813,
21768,
23228,
18553,
9573,
7480,
14695,
896,
8836,
12486,
19332,
3211,
504,
6393,
13735,
59,
9623,
10963,
7958,
1833,
7315,
3,
5598,
25405,
19231,
14015,
349,
11996,
1237,
26039,
20694,
4254,
2579,
22697,
660,
21509,
19280,
19056,
12513,
23399,
16513,
7943,
21537,
15087,
17386,
11088,
13078,
9981,
18569,
11035,
19190,
1057,
22714,
13712,
7646,
16783,
21855,
18160,
1621,
3935,
16625,
20213,
26435,
20053,
7194,
19621,
14727,
7702,
23551,
13366,
10699,
14272,
14380,
8879,
20736,
8693,
22132,
21505,
9663,
14409,
17619,
15016,
18184,
14317,
11437,
11774,
11507,
132,
2358,
4428,
18942,
7059,
25880,
21650,
9161,
22105,
15945,
4615,
13708,
26089,
23778,
23598,
23323,
3464,
8214,
20071,
17297,
13087,
20103,
20440,
12795,
18691,
9736,
7088,
19713,
18179,
20092,
23165,
3518,
15707,
20775,
8272,
6056,
4085,
12241,
8076,
16444,
17716,
11027,
4032,
6305,
24176,
209,
9576,
10337,
14730,
26365,
9701,
16770,
15397,
228,
18315,
16947,
16088,
2808,
11331,
16302,
5898,
8168,
19374,
4787,
24893,
23119,
24776,
6981,
9878,
26285,
21334,
10541,
12337,
2219,
3183,
8260,
4436,
3065,
25351,
11678,
18393,
6927,
813,
10031,
19015,
10647,
19802,
4056,
3780,
25594,
20697,
24923,
5190,
21087,
2765,
12412,
26246,
8745,
5519,
4715,
11327,
7142,
11956,
19735,
6370,
2713,
22399,
971,
12198,
10229,
5503,
574,
20745,
24285,
6239,
13797,
21543,
17010,
25891,
8588,
14457,
10389,
5084,
5337,
17126,
5975,
6666,
14430,
13658,
357,
21214,
1678,
5210,
16348,
3920,
15436,
2709,
20306,
18461,
22476,
19192,
19458,
3748,
6657,
22610,
23128,
7343,
9892,
21627,
25673,
10167,
6082,
25065,
7489,
13299,
19664,
25983,
16177,
13316,
12002,
7120,
25377,
24760,
23907,
6390,
20764,
3380,
14052,
11857,
23305,
25388,
19667,
10338,
22278,
4657,
25514,
16793,
2951,
16190,
19730,
12746,
21045,
11277,
16546,
18487,
12291,
10937,
16134,
20902,
21724,
23031,
24832,
12899,
21372,
11204,
2334,
23997,
2801,
23239,
24393,
5019,
8535,
11362,
3342,
264,
25247,
2431,
8199,
6650,
22956,
26253,
20078,
18637,
13065,
9179,
13042,
11833,
19277,
19832,
8781,
15633,
18235,
1616,
1364,
15358,
24554,
13996,
10237,
6537,
9342,
14527,
17976,
20702,
15501,
14550,
12203,
19666,
17544,
4238,
8520,
10360,
14023,
17295,
8098,
20798,
11889,
12801,
24798,
6005,
10582,
9645,
16639,
24374,
24367,
23520,
22598,
22840,
22961,
25675,
3458,
262,
506,
1224,
12905,
23114,
20825,
25439,
9997,
8317,
26172,
7891,
25639,
25529,
8141,
14532,
535,
30,
21382,
21351,
16858,
19486,
13694,
18660,
10986,
1768,
2934,
1803,
8569,
10277,
20696,
9895,
13036,
16013,
1109,
17266,
13016,
25733,
4686,
15259,
16712,
12570,
6312,
25391,
2439,
15359,
2759,
3224,
8087,
4907,
24563,
19814,
14399,
26150,
15816,
23112,
6797,
10079,
16262,
11307,
20987,
15472,
24437,
2959,
25425,
15142,
18058,
1895,
25198,
4783,
22834,
26381,
3467,
23556,
11183,
111,
22559,
22579,
25959,
7911,
23418,
4266,
26234,
22836,
640,
20851,
9051,
12822,
26336,
22340,
5483,
1080,
1826,
20449,
8571,
8206,
24899,
4917,
8007,
8001,
9393,
278,
26205,
5071,
12280,
5968,
5638,
24131,
12455,
23800,
25668,
14616,
19564,
23512,
13159,
6132,
10567,
15694,
8798,
3503,
1026,
6999,
18203,
24969,
10794,
732,
19085,
16243,
1911,
9894,
8850,
6434,
19549,
9272,
16957,
16753,
8708,
6075,
21914,
21527,
17974,
21408,
17246,
18295,
11975,
20281,
12701,
23763,
3915,
26330,
23154,
14837,
18006,
7824,
5750,
19885,
10093,
11028,
23733,
17909,
22033,
5851,
10040,
6367,
18705,
9462,
18071,
18670,
18192,
3793,
9847,
25341,
23284,
13726,
10713,
12354,
24833,
4493,
17832,
15977,
8328,
18507,
21728,
25937,
14715,
9206,
19661,
23902,
6515,
356,
18531,
22244,
19650,
20313,
7159,
16841,
8246,
10351,
9527,
4321,
214,
8172,
10901,
4859,
17886,
19591,
17165,
12601,
18649,
20212,
7982,
21938,
22268,
17267,
1917,
14773,
17925,
5034,
2008,
8556,
4581,
5682,
3009,
13784,
645,
4845,
15839,
5758,
26392,
16799,
3627,
7007,
23590,
3953,
417,
23692,
8918,
16384,
1156,
10138,
20553,
22139,
24953,
16986,
10750,
22046,
22607,
23257,
13252,
24104,
1793,
26160,
24925,
12671,
25868,
6518,
14470,
4780,
2584,
4594,
16562,
13060,
10473,
22140,
11851,
4962,
24481,
20865,
5346,
25677,
4474,
25777,
23314,
9532,
16560,
21982,
1519,
23861,
5368,
23013,
18314,
8702,
9844,
22157,
15720,
3572,
5841,
16440,
16922,
7076,
22391,
12329,
1663,
13297,
14801,
21378,
6654,
19484,
11434,
7307,
10739,
8645,
8566,
14568,
10296,
24738,
22174,
17738,
12410,
15563,
22448,
4993,
323,
15488,
19929,
5693,
20029,
6758,
10691,
25518,
8015,
23932,
10766,
22561,
17233,
16732,
19036,
3990,
5270,
11066,
3314,
2325,
5616,
6205,
1333,
25041,
11454,
4921,
21362,
16698,
19870,
20754,
13050,
14244,
18532,
13742,
7841,
2041,
14408,
21269,
10035,
14901,
4034,
22682,
23346,
4691,
3081,
20364,
9391,
147,
24235,
11040,
22866,
2989,
13136,
21192,
528,
12482,
2110,
1815,
13146,
7580,
25096,
25999,
25248,
6361,
7332,
17164,
22589,
9959,
18207,
4069,
6243,
14644,
20900,
6025,
23557,
17186,
1490,
22502,
12385,
19445,
5927,
18526,
3965,
22066,
25857,
26139,
18835,
15579,
24983,
17456,
5311,
11353,
21553,
5039,
12059,
761,
9073,
12912,
17703,
4532,
21912,
6162,
22800,
12289,
14484,
22556,
96,
20555,
2511,
4160,
7348,
16344,
13756,
1196,
19328,
2062,
9396,
18545,
17946,
20290,
9070,
5054,
11613,
17798,
15263,
9911,
19140,
607,
1853,
23750,
530,
24180,
20287,
25098,
8533,
8689,
14649,
11569,
11253,
3950,
24040,
15350,
8322,
17508,
12861,
3281,
25074,
23515,
5833,
14301,
2311,
3754,
13602,
7014,
23669,
14069,
15641,
14994,
20441,
19369,
21336,
12857,
15226,
21849,
14081,
25471,
8432,
14563,
3201,
23226,
6712,
25704,
8170,
10214,
6172,
963,
2184,
21257,
13257,
1971,
22512,
13224,
18404,
23410,
17960,
12678,
25089,
1300,
19586,
18086,
23454,
8797,
25587,
18643,
5769,
10343,
12184,
16782,
24869,
19320,
13567,
6452,
8579,
4636,
7556,
23025,
19950,
3735,
11731,
14963,
13750,
172,
12405,
19176,
25174,
9989,
157,
10064,
5284,
2657,
7197,
20453,
11346,
11074,
15630,
11341,
1271,
3291,
13034,
7890,
10638,
8445,
23941,
6824,
1257,
16105,
7900,
20760,
949,
20410,
2587,
14065,
4706,
21447,
15618,
8595,
14253,
153,
13157,
9133,
9156,
13326,
24214,
8436,
13152,
15895,
15886,
17047,
7485,
6986,
23705,
2707,
19912,
21211,
10648,
3104,
13359,
25730,
9046,
19321,
10240,
8885,
13493,
4675,
4227,
5400,
15080,
16856,
9616,
10956,
15176,
11576,
577,
10555,
15002,
22422,
19712,
7993,
14203,
10831,
12137,
9190,
5370,
9868,
2315,
470,
5307,
8053,
22898,
7528,
13465,
2247,
5207,
8593,
12028,
22008,
14074,
26271,
603,
122,
7285,
18455,
20337,
7712,
2867,
22247,
22161,
218,
13367,
22307,
1962,
628,
18509,
26177,
22574,
3024,
19026,
10903,
8896,
2111,
14390,
21395,
3526,
15998,
426,
26119,
250,
19046,
25309,
19210,
10577,
8354,
12598,
9933,
24699,
1518,
21732,
24189,
5017,
1571,
1610,
7830,
21873,
22404,
15247,
7922,
18059,
25694,
1976,
777,
25904,
14263,
26200,
22388,
444,
15773,
26221,
25533,
25601,
19936,
20648,
24406,
7671,
25642,
3620,
13401,
2449,
19872,
7949,
5309,
25583,
5471,
1048,
2462,
12840,
15297,
7369,
20289,
7541,
7529,
7429,
18551,
11130,
18269,
23370,
24824,
17497,
20777,
15214,
2194,
8390,
3350,
3999,
26012,
18056,
15262,
16813,
21801,
21530,
5246,
2885,
16638,
14806,
1565,
83,
3403,
9592,
1973,
8932,
23063,
14024,
14566,
18177,
16739,
6693,
21343,
12361,
17053,
8381,
6947,
3660,
4443,
4795,
7679,
14341,
4557,
3471,
5285,
18284,
22555,
6217,
22737,
6384,
25227,
14524,
16894,
317,
8385,
171,
4299,
6474,
16352,
13799,
23543,
25882,
21369,
11127,
22104,
24714,
18846,
2493,
24385,
21903,
20990,
7642,
9246,
7965,
22627,
20301,
15135,
18625,
12079,
25511,
11315,
4080,
22486,
23357,
11096,
4681,
13927,
21624,
22156,
6933,
18161,
20175,
18811,
2091,
9988,
21868,
18106,
9018,
6978,
275,
21799,
16967,
15241,
16681,
23652,
24603,
25824,
187,
382,
25741,
8054,
1227,
23452,
17901,
21598,
21538,
570,
1851,
14676,
15065,
6890,
25751,
2816,
425,
23942,
23844,
2856,
11216,
14240,
7141,
8228,
22739,
13190,
2427,
18934,
17471,
19214,
25517,
11508,
21745,
25713,
25928,
21281,
22011,
21659,
13324,
9260,
8198,
12172,
13494,
6676,
8453,
19052,
22508,
20864,
21149,
17082,
23359,
20008,
54,
26395,
20592,
14404,
2556,
24867,
523,
16761,
2173,
11478,
4794,
13106,
26239,
5438,
5623,
4168,
25507,
7023,
4914,
9965,
12737,
10408,
20312,
12423,
20944,
23232,
16377,
18265,
20568,
14460,
15811,
25091,
32,
14688,
13111,
1458,
14882,
8034,
17927,
2637,
10342,
15542,
11336,
23421,
9477,
13248,
24753,
546,
2981,
4528,
14888,
24329,
18354,
20455,
13032,
17953,
16637,
25920,
21661,
17618,
19985,
8123,
10359,
13840,
21420,
15893,
7169,
20955,
12333,
9853,
5381,
18548,
25123,
17387,
17760,
404,
14472,
3313,
24339,
2851,
20738,
18217,
9305,
24841,
24511,
4315,
5601,
1188,
835,
23842,
11344,
18146,
5884,
5188,
4179,
18357,
25415,
14928,
19218,
21493,
20806,
18330,
8470,
15171,
8373,
19923,
11097,
6729,
24709,
20763,
2003,
12065,
7597,
21043,
8892,
12022,
15151,
25859,
49,
22231,
8990,
14804,
26148,
24256,
7569,
13828,
3881,
17005,
16511,
25035,
6596,
2691,
8563,
25992,
7714,
4733,
18611,
482,
17173,
23415,
23949,
2140,
15852,
10730,
1322,
17643,
24397,
4494,
25963,
24567,
11171,
7612,
8057,
7403,
19352,
16663,
7889,
11882,
5513,
6756,
24538,
21714,
18901,
22302,
20949,
10168,
141,
21219,
3731,
26389,
5634,
20003,
8612,
11442,
26416,
6689,
152,
448,
21413,
19343,
9136,
24057,
8337,
17665,
16972,
11345,
9339,
1032,
2001,
881,
18898,
20904,
10867,
1897,
15147,
19160,
3872,
2736,
5857,
19649,
20465,
1041,
15457,
24211,
5696,
22604,
11209,
15796,
17307,
23812,
22653,
15412,
9709,
4169,
15165,
11673,
12973,
12534,
17012,
22764,
15892,
12562,
15724,
22079,
19284,
3581,
11659,
14537,
20727,
4870,
11549,
1107,
20571,
12093,
9747,
24369,
2863,
25170,
3647,
750,
14750,
2234,
20748,
19431,
2717,
8248,
13140,
22709,
14189,
9196,
22287,
24456,
5388,
2667,
26270,
14724,
13189,
909,
15148,
9990,
9362,
23707,
7979,
23877,
6396,
5887,
22557,
19329,
1899,
15382,
10658,
4760,
3321,
9275,
12331,
20017,
1098,
4927,
23897,
11958,
18193,
19665,
20278,
12162,
663,
24618,
18854,
23746,
26332,
661,
21647,
12594,
15765,
3850,
21789,
2855,
16077,
9920,
8423,
23548,
16450,
17318,
10559,
13021,
6233,
8904,
26056,
3044,
22818,
11739,
13114,
3814,
1991,
21556,
15813,
11732,
1335,
9447,
12646,
1600,
7209,
17520,
10452,
17032,
4172,
11913,
6026,
22617,
25698,
19531,
23670,
6127,
14214,
13999,
7940,
16044,
23446,
19565,
18515,
782,
6109,
16600,
25747,
9253,
16689,
24037,
23637,
1361,
15737,
23470,
19635,
2342,
12350,
4292,
11248,
17789,
24226,
19121,
9752,
7758,
21158,
2670,
14752,
17981,
1436,
15076,
3136,
9807,
23204,
8875,
15372,
26000,
2804,
17003,
19813,
6934,
5442,
17461,
13054,
7305,
20548,
7065,
3363,
21044,
8439,
9344,
1624,
19406,
20995,
12407,
5297,
2470,
2703,
10032,
13047,
4565,
1334,
17688,
26319,
16622,
18178,
16381,
22875,
854,
16272,
13418,
3031,
16524,
403,
9459,
56,
3004,
10246,
3244,
22197,
23969,
7575,
11239,
3580,
9338,
5880,
25378,
20837,
8861,
24861,
19602,
7643,
16791,
23374,
5694,
17504,
21977,
10241,
25821,
23640,
15225,
16037,
10382,
4942,
7654,
9257,
3488,
3684,
9425,
20096,
17467,
23084,
3690,
12676,
9603,
21273,
20749,
7219,
26171,
16283,
20577,
142,
3296,
19298,
2751,
6454,
26259,
8364,
17821,
4106,
21035,
7000,
18493,
6977,
6910,
17526,
5986,
19132,
10512,
5218,
24270,
13274,
14576,
21632,
1254,
4198,
25532,
22064,
7096,
4617,
3138,
19572,
25501,
23213,
9735,
12774,
16073,
21877,
16708,
11930,
14634,
15084,
698,
10850,
14863,
23521,
26333,
1136,
1104,
13561,
22415,
10184,
19156,
7410,
14340,
6960,
11582,
8786,
9454,
17477,
14707,
25006,
7360,
15376,
18233,
10106,
24346,
16144,
20808,
17074,
3750,
20363,
19097,
13293,
22996,
5635,
10199,
23857,
12617,
6746,
10539,
3436,
910,
15887,
17898,
22265,
19992,
19615,
7754,
1707,
21926,
2017,
19510,
7150,
3932,
23974,
13961,
8258,
6747,
14088,
13025,
19795,
24964,
18977,
16039,
23249,
18937,
8986,
419,
7006,
15220,
4835,
19441,
5344,
15540,
13640,
24595,
18191,
384,
1413,
21394,
16322,
1556,
8993,
17188,
21808,
16094,
25018,
22325,
19263,
13030,
21871,
8690,
8251,
1399,
18590,
3226,
2453,
6022,
24373,
2206,
2218,
18824,
2031,
5835,
16910,
7297,
23142,
17519,
13186,
1559,
24355,
24305,
18764,
19180,
22708,
5578,
22819,
13552,
9329,
26147,
16269,
24597,
17422,
7085,
24526,
1983,
11593,
25073,
3040,
3178,
12283,
23192,
15429,
6251,
10431,
21781,
13066,
15130,
24632,
4110,
25271,
22606,
17924,
3771,
25621,
21886,
18776,
14201,
10150,
21265,
16943,
1689,
16705,
4325,
1174,
13122,
20891,
26101,
24055,
25798,
9794,
23891,
13825,
25127,
6561,
5811,
21009,
17159,
752,
5197,
17954,
14655,
6873,
4458,
4387,
20779,
7607,
6555,
11441,
26431,
9341,
3946,
18994,
3355,
7706,
6295,
5061,
7938,
13544,
24549,
10054,
1394,
12557,
25820,
12109,
16481,
19903,
16660,
18608,
7749,
1813,
1932,
21874,
15761,
18719,
790,
8388,
5125,
25736,
12083,
20446,
23046,
26027,
19875,
10692,
23030,
25913,
4803,
19691,
7462,
24199,
20758,
20793,
2830,
2019,
1347,
8402,
2858,
8811,
6688,
21858,
4442,
15954,
11397,
18804,
10788,
22150,
3232,
24550,
26069,
9785,
4013,
19775,
6451,
17778,
19206,
